{
  "schema": {
    "https://${NEXT_PUBLIC_SHOPIFY_STORE_DOMAIN}/api/2021-01/graphql.json": {
      "headers": {
        "X-Shopify-Storefront-Access-Token": "${NEXT_PUBLIC_SHOPIFY_STOREFRONT_ACCESS_TOKEN}"
      }
    }
  },
  "documents": [
    {
      "./framework/shopify/**/*.{ts,tsx}": {
        "noRequire": true
      }
    }
  ],
  "generates": {
    "./framework/shopify/schema.d.ts": {
      "plugins": ["typescript", "typescript-operations"],
      "config": {
        "scalars": {
          "ID": "string"
        }
      }
    },
    "./framework/shopify/schema.graphql": {
      "plugins": ["schema-ast"]
    }
  },
  "hooks": {
    "afterAllFileWrite": ["prettier --write"]
  }
}
