{
  "title": "ACME Storefront | Powered by Next.js Commerce",
  "titleTemplate": "%s - ACME Storefront",
  "description": "Next.js Commerce - https://www.nextjs.org/commerce",
  "openGraph": {
    "title": "ACME Storefront | Powered by Next.js Commerce",
    "description": "Next.js Commerce - https://www.nextjs.org/commerce",
    "type": "website",
    "locale": "en_IE",
    "url": "https://nextjs.org/commerce",
    "site_name": "Next.js Commerce",
    "images": [
      {
        "url": "/card.png",
        "width": 800,
        "height": 600,
        "alt": "Next.js Commerce"
      }
    ]
  },
  "twitter": {
    "handle": "@nextjs",
    "site": "@nextjs",
    "cardType": "summary_large_image"
  }
}
